proteinid,residueid,identifier,active_region,resid,resid_in_ar
A0AVT1,A0AVT1_C625,A0AVT1_C625_C625,Glycyl thioester intermediate,C625,yes
A1L167,A1L167_C88,A1L167_C88_C88,Glycyl thioester intermediate,C88,yes
A4D256,A4D256_C284,A4D256_C284_C284,Phosphocysteine intermediate,C284,yes
A6NK58,A6NK58_C185,A6NK58_C185_C185,Acyl-thioester intermediate,C185,yes
A6NNY8,A6NNY8_C87,A6NNY8_C87_C87,Nucleophile,C87,yes
O00308,O00308_C838,O00308_C838_C838,Glycyl thioester intermediate,C838,yes
O00391,O00391_C70,O00391_C70_C70,Nucleophile,C70,yes
O00391,O00391_C73,O00391_C73_C73,Nucleophile,C73,yes
O00507,O00507_C1568,O00507_C1568_C1568,Nucleophile,C1568,yes
O00762,O00762_C114,O00762_C114_C114,Glycyl thioester intermediate,C114,yes
O14522,O14522_C1084,O14522_C1084_C1084,Phosphocysteine intermediate,C1084,yes
O14522,O14522_C1378,O14522_C1378_C1378,Phosphocysteine intermediate,C1378,yes
O14556,O14556_C224,O14556_C224_C224,Nucleophile,C224,yes
O14717,O14717_C79,O14717_C79_C79,,C79,yes
O14815,O14815_C97,O14815_C97_C97,,C97,yes
O14933,O14933_C86,O14933_C86_C86,Glycyl thioester intermediate,C86,yes
O15033,O15033_C790,O15033_C790_C790,Glycyl thioester intermediate,C790,yes
O15067,O15067_C1158,O15067_C1158_C1158,Nucleophile,C1158,yes
O15484,O15484_C81,O15484_C81_C81,,C81,yes
O43548,O43548_C278,O43548_C278_C278,,C278,yes
O60260,O60260_C431,O60260_C431_C431,,C431,yes
O60701,O60701_C276,O60701_C276_C276,,C276,yes
O60729,O60729_C314,O60729_C314_C314,Phosphocysteine intermediate,C314,yes
O60825,O60825_C158,O60825_C158_C158,Proton donoracceptor,C158,yes
O60911,O60911_C138,O60911_C138_C138,,C138,yes
O60942,O60942_C126,O60942_C126_C126,,C126,yes
O75061,O75061_C164,O75061_C164_C164,,C164,yes
O75317,O75317_C48,O75317_C48_C48,Nucleophile,C48,yes
O75365,O75365_C104,O75365_C104_C104,Phosphocysteine intermediate,C104,yes
O75503,O75503_C231,O75503_C231_C231,Nucleophil,C231,yes
O75592,O75592_C4558,O75592_C4558_C4558,,C4558,yes
O75592,O75592_C4610,O75592_C4610_C4610,Nucleophile,C4610,yes
O75604,O75604_C276,O75604_C276_C276,Proton acceptor,C276,yes
O75648,O75648_C101,O75648_C101_C101,Nucleophile,C101,yes
O75648,O75648_C222,O75648_C222_C222,Cysteine persulfide intermediate,C222,yes
O75808,O75808_C552,O75808_C552_C552,,C552,yes
O75891,O75891_C707,O75891_C707_C707,Proton donor,C707,yes
O94760,O94760_C274,O94760_C274_C274,Nucleophile,C274,yes
O94782,O94782_C90,O94782_C90_C90,Nucleophile,C90,yes
O94788,O94788_C320,O94788_C320_C320,Nucleophile,C320,yes
O94808,O94808_C2,O94808_C2_C2,For GATase activity,C2,yes
O94966,O94966_C506,O94966_C506_C506,Nucleophile,C506,yes
O95071,O95071_C2768,O95071_C2768_C2768,Glycyl thioester intermediate,C2768,yes
O95147,O95147_C111,O95147_C111_C111,Phosphocysteine intermediate,C111,yes
O95237,O95237_C161,O95237_C161_C161,,C161,yes
O95278,O95278_C266,O95278_C266_C266,Phosphocysteine intermediate,C266,yes
O95352,O95352_C572,O95352_C572_C572,Glycyl thioester intermediate,C572,yes
O95376,O95376_C310,O95376_C310_C310,,C310,yes
O95396,O95396_C239,O95396_C239_C239,Glycyl thioester intermediat,C239,yes
O95396,O95396_C412,O95396_C412_C412,Cysteine persulfide intermediat,C412,yes
O95497,O95497_C211,O95497_C211_C211,Nucleophile,C211,yes
O95498,O95498_C211,O95498_C211_C211,Nucleophile,C211,yes
O95714,O95714_C4762,O95714_C4762_C4762,Glycyl thioester intermediate,C4762,yes
O95865,O95865_C276,O95865_C276_C276,Nucleophile,C276,yes
O95932,O95932_C274,O95932_C274_C274,,C274,yes
P00352,P00352_C303,P00352_C303_C303,Nucleophile,C303,yes
P00450,P00450_C699,P00450_C699_C699,Nucleophil,C699,yes
P00480,P00480_C303,P00480_C303_C303,Proton acceptor,C303,yes
P00488,P00488_C315,P00488_C315_C315,,C315,yes
P04406,P04406_C152,P04406_C152_C152,Nucleophile,C152,yes
P04818,P04818_C195,P04818_C195_C195,Nucleophile,C195,yes
P05091,P05091_C319,P05091_C319_C319,Nucleophile,C319,yes
P07237,P07237_C53,P07237_C53_C53,Nucleophile,C53,yes
P07237,P07237_C56,P07237_C56_C56,Nucleophile,C56,yes
P07237,P07237_C397,P07237_C397_C397,Nucleophile,C397,yes
P07237,P07237_C400,P07237_C400_C400,Nucleophile,C400,yes
P07384,P07384_C115,P07384_C115_C115,Charge relay system,C115,yes
P07711,P07711_C138,P07711_C138_C138,,C138,yes
P07858,P07858_C108,P07858_C108_C108,Proton acceptor,C108,yes
P08243,P08243_C2,P08243_C2_C2,For GATase activity,C2,yes
P08575,P08575_C853,P08575_C853_C853,Phosphocysteine intermediate,C853,yes
P08575,P08575_C1169,P08575_C1169_C1169,Phosphocysteine intermediate,C1169,yes
P08842,P08842_C75,P08842_C75_C75,Nucleophile,C75,yes
P09110,P09110_C123,P09110_C123_C123,Acyl-thioester intermediate,C123,yes
P09110,P09110_C408,P09110_C408_C408,Proton acceptor,C408,yes
P09668,P09668_C141,P09668_C141_C141,,C141,yes
P09936,P09936_C90,P09936_C90_C90,Nucleophile,C90,yes
P10586,P10586_C1548,P10586_C1548_C1548,Phosphocysteine intermediate,C1548,yes
P10586,P10586_C1839,P10586_C1839_C1839,,C1839,yes
P10599,P10599_C32,P10599_C32_C32,Nucleophile,C32,yes
P10599,P10599_C35,P10599_C35_C35,Nucleophile,C35,yes
P11245,P11245_C68,P11245_C68_C68,,C68,yes
P11926,P11926_C360,P11926_C360_C360,Proton dono,C360,yes
P12268,P12268_C331,P12268_C331_C331,Thioimidate intermediate,C331,yes
P15289,P15289_C69,P15289_C69_C69,Nucleophile,C69,yes
P15374,P15374_C95,P15374_C95_C95,Nucleophile,C95,yes
P15586,P15586_C91,P15586_C91_C91,Nucleophile,C91,yes
P15848,P15848_C91,P15848_C91_C91,Nucleophile,C91,yes
P16118,P16118_C161,P16118_C161_C161,Proton donoracceptor,C161,yes
P16455,P16455_C145,P16455_C145_C145,Nucleophil,C145,yes
P17655,P17655_C105,P17655_C105_C105,,C105,yes
P17706,P17706_C216,P17706_C216_C216,Schiff-base intermediate with substrat,C216,yes
P17707,P17707_C82,P17707_C82_C82,,C82,yes
P17812,P17812_C399,P17812_C399_C399,For GATase activity,C399,yes
P18031,P18031_C215,P18031_C215_C215,Phosphocysteine intermediate,C215,yes
P18433,P18433_C442,P18433_C442_C442,Phosphocysteine intermediate,C442,yes
P18433,P18433_C732,P18433_C732_C732,Phosphocysteine intermediate,C732,yes
P18440,P18440_C68,P18440_C68_C68,Acyl-thioester intermediate,C68,yes
P20807,P20807_C129,P20807_C129_C129,,C129,yes
P20839,P20839_C331,P20839_C331_C331,,C331,yes
P21580,P21580_C103,P21580_C103_C103,Proton donor,C103,yes
P21980,P21980_C277,P21980_C277_C277,,C277,yes
P22304,P22304_C84,P22304_C84_C84,Nucleophile,C84,yes
P22314,P22314_C632,P22314_C632_C632,Glycyl thioester intermediate,C632,yes
P22735,P22735_C377,P22735_C377_C377,,C377,yes
P23467,P23467_C1904,P23467_C1904_C1904,Phosphocysteine intermediate,C1904,yes
P23468,P23468_C1553,P23468_C1553_C1553,Phosphocysteine intermediate,C1553,yes
P23468,P23468_C1844,P23468_C1844_C1844,Phosphocysteine intermediate,C1844,yes
P23469,P23469_C335,P23469_C335_C335,Phosphocysteine intermediate,C335,yes
P23469,P23469_C630,P23469_C630_C630,Phosphocysteine intermediate,C630,yes
P23470,P23470_C1060,P23470_C1060_C1060,Phosphocysteine intermediate,C1060,yes
P23471,P23471_C1933,P23471_C1933_C1933,Phosphocysteine intermediate,C1933,yes
P23921,P23921_C429,P23921_C429_C429,Cysteine radical intermediate,C429,yes
P24666,P24666_C13,P24666_C13_C13,Nucleophile,C13,yes
P24752,P24752_C126,P24752_C126_C126,Acyl-thioester intermediate,C126,yes
P24752,P24752_C413,P24752_C413_C413,Proton donoracceptor,C413,yes
P25325,P25325_C248,P25325_C248_C248,Cysteine persulfide intermediate,C248,yes
P25774,P25774_C139,P25774_C139_C139,,C139,yes
P26045,P26045_C842,P26045_C842_C842,,C842,yes
P26358,P26358_C1226,P26358_C1226_C1226,Proton acceptor,C1226,yes
P27708,P27708_C252,P27708_C252_C252,Nucleophil,C252,yes
P28562,P28562_C258,P28562_C258_C258,Phosphocysteine intermediate,C258,yes
P28827,P28827_C1095,P28827_C1095_C1095,Phosphocysteine intermediate,C1095,yes
P28827,P28827_C1389,P28827_C1389_C1389,Phosphocysteine intermediate,C1389,yes
P28907,P28907_C119,P28907_C119_C119,,C119,yes
P28907,P28907_C201,P28907_C201_C201,Phosphocysteine intermediate,C201,yes
P29074,P29074_C852,P29074_C852_C852,,C852,yes
P29350,P29350_C453,P29350_C453_C453,Phosphocysteine intermediate,C453,yes
P29466,P29466_C285,P29466_C285_C285,Proton acceptor,C285,yes
P30038,P30038_C348,P30038_C348_C348,Nucleophile,C348,yes
P30041,P30041_C47,P30041_C47_C47,Cysteine sulfenic acid (-SOH) intermediat,C47,yes
P30043,P30043_C109,P30043_C109_C109,S-nitroso-cysteine intermediat,C109,yes
P30043,P30043_C188,P30043_C188_C188,S-nitroso-cysteine intermediat,C188,yes
P30044,P30044_C100,P30044_C100_C100,Cysteine sulfenic acid (-SOH) intermediate,C100,yes
P30048,P30048_C108,P30048_C108_C108,Cysteine sulfenic acid (-SOH) intermediate,C108,yes
P30101,P30101_C57,P30101_C57_C57,Nucleophile,C57,yes
P30101,P30101_C60,P30101_C60_C60,Nucleophile,C60,yes
P30101,P30101_C406,P30101_C406_C406,Nucleophile,C406,yes
P30101,P30101_C409,P30101_C409_C409,Nucleophile,C409,yes
P30304,P30304_C431,P30304_C431_C431,,C431,yes
P30305,P30305_C487,P30305_C487_C487,,C487,yes
P30307,P30307_C377,P30307_C377_C377,,C377,yes
P30837,P30837_C319,P30837_C319_C319,Nucleophile,C319,yes
P30838,P30838_C244,P30838_C244_C244,Proton acceptor,C244,yes
P31944,P31944_C132,P31944_C132_C132,Cysteine sulfenic acid (-SOH) intermediate,C132,yes
P32119,P32119_C51,P32119_C51_C51,,C51,yes
P34059,P34059_C79,P34059_C79_C79,Nucleophile,C79,yes
P35125,P35125_C541,P35125_C541_C541,Nucleophile,C541,yes
P35236,P35236_C291,P35236_C291_C291,Phosphocysteine intermediate,C291,yes
P35558,P35558_C288,P35558_C288_C288,,C288,yes
P35914,P35914_C266,P35914_C266_C266,,C266,yes
P36959,P36959_C186,P36959_C186_C186,Proton donoracceptor,C186,yes
P40818,P40818_C786,P40818_C786_C786,Nucleophile,C786,yes
P41222,P41222_C65,P41222_C65_C65,Nucleophile,C65,yes
P41226,P41226_C599,P41226_C599_C599,Glycyl thioester intermediate,C599,yes
P42574,P42574_C163,P42574_C163_C163,,C163,yes
P42575,P42575_C320,P42575_C320_C320,,C320,yes
P42765,P42765_C92,P42765_C92_C92,Acyl-thioester intermediate,C92,yes
P42765,P42765_C382,P42765_C382_C382,Proton donoracceptor,C382,yes
P43234,P43234_C132,P43234_C132_C132,,C132,yes
P43235,P43235_C139,P43235_C139_C139,,C139,yes
P43251,P43251_C245,P43251_C245_C245,Phosphocysteine intermediate,C245,yes
P43353,P43353_C244,P43353_C244_C244,Proton acceptor,C244,yes
P43378,P43378_C515,P43378_C515_C515,,C515,yes
P45974,P45974_C335,P45974_C335_C335,Nucleophile,C335,yes
P46087,P46087_C517,P46087_C517_C517,Nucleophile,C517,yes
P46934,P46934_C1286,P46934_C1286_C1286,Glycyl thioester intermediate,C1286,yes
P47895,P47895_C314,P47895_C314_C314,Nucleophile,C314,yes
P48448,P48448_C163,P48448_C163_C163,Proton donor,C163,yes
P49189,P49189_C288,P49189_C288_C288,,C288,yes
P49221,P49221_C268,P49221_C268_C268,,C268,yes
P49327,P49327_C161,P49327_C161_C161,For beta-ketoacyl synthase activity,C161,yes
P49419,P49419_C330,P49419_C330_C330,Nucleophile,C330,yes
P49427,P49427_C93,P49427_C93_C93,Glycyl thioester intermediate,C93,yes
P49459,P49459_C88,P49459_C88_C88,Glycyl thioester intermediate,C88,yes
P49662,P49662_C258,P49662_C258_C258,Proton acceptor,C258,yes
P49903,P49903_C31,P49903_C31_C31,,C31,yes
P49915,P49915_C104,P49915_C104_C104,For GATase activity,C104,yes
P50440,P50440_C407,P50440_C407_C407,Proton acceptor,C407,yes
P50876,P50876_C198,P50876_C198_C198,,C198,yes
P51452,P51452_C124,P51452_C124_C124,Phosphocysteine intermediate,C124,yes
P51648,P51648_C241,P51648_C241_C241,Proton acceptor,C241,yes
P51649,P51649_C340,P51649_C340_C340,,C340,yes
P51668,P51668_C85,P51668_C85_C85,Glycyl thioester intermediate,C85,yes
P51688,P51688_C70,P51688_C70_C70,Nucleophile,C70,yes
P51690,P51690_C86,P51690_C86_C86,Nucleophile,C86,yes
P51784,P51784_C318,P51784_C318_C318,Nucleophile,C318,yes
P51878,P51878_C315,P51878_C315_C315,Proton acceptor,C315,yes
P51965,P51965_C131,P51965_C131_C131,Glycyl thioester intermediate,C131,yes
P53634,P53634_C258,P53634_C258_C258,,C258,yes
P53816,P53816_C113,P53816_C113_C113,Exonuclease activity,C113,yes
P54252,P54252_C14,P54252_C14_C14,Nucleophile,C14,yes
P54578,P54578_C114,P54578_C114_C114,Nucleophile,C114,yes
P54829,P54829_C496,P54829_C496_C496,Phosphocysteine intermediate,C496,yes
P54868,P54868_C166,P54868_C166_C166,Acyl-thioester intermediate,C166,yes
P55084,P55084_C138,P55084_C138_C138,Acyl-thioester intermediate,C138,yes
P55084,P55084_C458,P55084_C458_C458,Proton donoracceptor,C458,yes
P55210,P55210_C186,P55210_C186_C186,,C186,yes
P55211,P55211_C287,P55211_C287_C287,Proton acceptor,C287,yes
P55212,P55212_C163,P55212_C163_C163,Proton donor,C163,yes
P56180,P56180_C338,P56180_C338_C338,,C338,yes
P56202,P56202_C153,P56202_C153_C153,,C153,yes
P58004,P58004_C125,P58004_C125_C125,Cysteine sulfenic acid (-SOH) intermediate,C125,yes
P58005,P58005_C121,P58005_C121_C121,Cysteine sulfenic acid (-SOH) intermediate,C121,yes
P60484,P60484_C124,P60484_C124_C124,Phosphocysteine intermediate,C124,yes
P60604,P60604_C89,P60604_C89_C89,Glycyl thioester intermediate,C89,yes
P61077,P61077_C85,P61077_C85_C85,Glycyl thioester intermediate,C85,yes
P61081,P61081_C111,P61081_C111_C111,Glycyl thioester intermediate,C111,yes
P61086,P61086_C92,P61086_C92_C92,Glycyl thioester intermediate,C92,yes
P61088,P61088_C87,P61088_C87_C87,Glycyl thioester intermediate,C87,yes
P62068,P62068_C44,P62068_C44_C44,Nucleophile,C44,yes
P62253,P62253_C90,P62253_C90_C90,Glycyl thioester intermediate,C90,yes
P62256,P62256_C87,P62256_C87_C87,Glycyl thioester intermediate,C87,yes
P62837,P62837_C85,P62837_C85_C85,Glycyl thioester intermediate,C85,yes
P63146,P63146_C88,P63146_C88_C88,Glycyl thioester intermediate,C88,yes
P63279,P63279_C93,P63279_C93_C93,Glycyl thioester intermediate,C93,yes
P68036,P68036_C86,P68036_C86_C86,Glycyl thioester intermediate,C86,yes
P78417,P78417_C32,P78417_C32_C32,Nucleophile,C32,yes
Q01581,Q01581_C129,Q01581_C129_C129,Acyl-thioester intermediate,C129,yes
Q01804,Q01804_C45,Q01804_C45_C45,,C45,yes
Q02083,Q02083_C126,Q02083_C126_C126,Nucleophile,C126,yes
Q02252,Q02252_C317,Q02252_C317_C317,Nucleophile,C317,yes
Q03393,Q03393_C43,Q03393_C43_C43,Proton acceptor,C43,yes
Q05086,Q05086_C843,Q05086_C843_C843,Glycyl thioester intermediate,C843,yes
Q05209,Q05209_C231,Q05209_C231_C231,Phosphocysteine intermediate,C231,yes
Q05923,Q05923_C257,Q05923_C257_C257,Phosphocysteine intermediate,C257,yes
Q06124,Q06124_C459,Q06124_C459_C459,Phosphocysteine intermediate,C459,yes
Q06203,Q06203_C12,Q06203_C12_C12,Nucleophile,C12,yes
Q06210,Q06210_C2,Q06210_C2_C2,For GATase activity,C2,yes
Q06830,Q06830_C52,Q06830_C52_C52,Cysteine sulfenic acid (-SOH) intermediate,C52,yes
Q08188,Q08188_C273,Q08188_C273_C273,,C273,yes
Q08J23,Q08J23_C321,Q08J23_C321_C321,Nucleophile,C321,yes
Q0WX57,Q0WX57_C89,Q0WX57_C89_C89,Nucleophile,C89,yes
Q12765,Q12765_C9,Q12765_C9_C9,,C9,yes
Q12882,Q12882_C671,Q12882_C671_C671,Proton acceptor,C671,yes
Q12913,Q12913_C1239,Q12913_C1239_C1239,Phosphocysteine intermediate,C1239,yes
Q12923,Q12923_C2408,Q12923_C2408_C2408,Phosphocysteine intermediate,C2408,yes
Q12974,Q12974_C101,Q12974_C101_C101,Phosphocysteine intermediate,C101,yes
Q13087,Q13087_C71,Q13087_C71_C71,Nucleophile,C71,yes
Q13087,Q13087_C74,Q13087_C74_C74,Nucleophile,C74,yes
Q13087,Q13087_C418,Q13087_C418_C418,Nucleophile,C418,yes
Q13087,Q13087_C421,Q13087_C421_C421,Nucleophile,C421,yes
Q13107,Q13107_C311,Q13107_C311_C311,Nucleophile,C311,yes
Q13115,Q13115_C280,Q13115_C280_C280,Phosphocysteine intermediate,C280,yes
Q13162,Q13162_C124,Q13162_C124_C124,Cysteine sulfenic acid (-SOH) intermediate,C124,yes
Q13202,Q13202_C246,Q13202_C246_C246,Phosphocysteine intermediate,C246,yes
Q13332,Q13332_C1589,Q13332_C1589_C1589,Phosphocysteine intermediate,C1589,yes
Q13332,Q13332_C1880,Q13332_C1880_C1880,Phosphocysteine intermediate,C1880,yes
Q13496,Q13496_C375,Q13496_C375_C375,Phosphocysteine intermediate,C375,yes
Q13510,Q13510_C143,Q13510_C143_C143,Nucleophile,C143,yes
Q13613,Q13613_C438,Q13613_C438_C438,,C438,yes
Q13614,Q13614_C417,Q13614_C417_C417,Phosphocysteine intermediate,C417,yes
Q13615,Q13615_C413,Q13615_C413_C413,Phosphocysteine intermediate,C413,yes
Q13867,Q13867_C73,Q13867_C73_C73,,C73,yes
Q13907,Q13907_C86,Q13907_C86_C86,,C86,yes
Q14032,Q14032_C235,Q14032_C235_C235,Charge relay system,C235,yes
Q14669,Q14669_C1959,Q14669_C1959_C1959,Glycyl thioester intermediate,C1959,yes
Q14674,Q14674_C2029,Q14674_C2029_C2029,,C2029,yes
Q14694,Q14694_C424,Q14694_C424_C424,Nucleophile,C424,yes
Q14790,Q14790_C360,Q14790_C360_C360,,C360,yes
Q15040,Q15040_C36,Q15040_C36_C36,Proton acceptor,C36,yes
Q15084,Q15084_C55,Q15084_C55_C55,Nucleophile,C55,yes
Q15084,Q15084_C58,Q15084_C58_C58,Nucleophile,C58,yes
Q15084,Q15084_C190,Q15084_C190_C190,Nucleophile,C190,yes
Q15084,Q15084_C193,Q15084_C193_C193,Nucleophile,C193,yes
Q15256,Q15256_C588,Q15256_C588_C588,Phosphocysteine intermediate,C588,yes
Q15262,Q15262_C1082,Q15262_C1082_C1082,Phosphocysteine intermediate,C1082,yes
Q15262,Q15262_C1376,Q15262_C1376_C1376,Phosphocysteine intermediate,C1376,yes
Q15386,Q15386_C1051,Q15386_C1051_C1051,Glycyl thioester intermediate,C1051,yes
Q15678,Q15678_C1121,Q15678_C1121_C1121,Phosphocysteine intermediate,C1121,yes
Q15751,Q15751_C4811,Q15751_C4811_C4811,Glycyl thioester intermediate,C4811,yes
Q16667,Q16667_C140,Q16667_C140_C140,Phosphocysteine intermediate,C140,yes
Q16690,Q16690_C263,Q16690_C263_C263,Phosphocysteine intermediate,C263,yes
Q16762,Q16762_C248,Q16762_C248_C248,Cysteine persulfide intermediate,C248,yes
Q16763,Q16763_C95,Q16763_C95_C95,Glycyl thioester intermediate,C95,yes
Q16825,Q16825_C1108,Q16825_C1108_C1108,Phosphocysteine intermediate,C1108,yes
Q16827,Q16827_C1136,Q16827_C1136_C1136,Phosphocysteine intermediate,C1136,yes
Q16828,Q16828_C293,Q16828_C293_C293,Phosphocysteine intermediate,C293,yes
Q16829,Q16829_C331,Q16829_C331_C331,Phosphocysteine intermediate,C331,yes
Q16875,Q16875_C155,Q16875_C155_C155,Proton donoracceptor,C155,yes
Q16877,Q16877_C159,Q16877_C159_C159,,C159,yes
Q3SY69,Q3SY69_C728,Q3SY69_C728_C728,Proton donor,C728,yes
Q4G0W2,Q4G0W2_C103,Q4G0W2_C103_C103,Phosphocysteine intermediate,C103,yes
Q4JDL3,Q4JDL3_C353,Q4JDL3_C353_C353,Phosphocysteine intermediate,C353,yes
Q5BKX5,Q5BKX5_C132,Q5BKX5_C132_C132,,C132,yes
Q5FYB1,Q5FYB1_C93,Q5FYB1_C93_C93,Nucleophile,C93,yes
Q5GLZ8,Q5GLZ8_C1025,Q5GLZ8_C1025_C1025,Glycyl thioester intermediate,C1025,yes
Q5T2D3,Q5T2D3_C76,Q5T2D3_C76_C76,,C76,yes
Q5T447,Q5T447_C823,Q5T447_C823_C823,,C823,yes
Q5T7W7,Q5T7W7_C355,Q5T7W7_C355_C355,Cysteine persulfide intermediate,C355,yes
Q5VVQ6,Q5VVQ6_C160,Q5VVQ6_C160_C160,,C160,yes
Q5VVX9,Q5VVX9_C89,Q5VVX9_C89_C89,,C89,yes
Q5W0Q7,Q5W0Q7_C236,Q5W0Q7_C236_C236,Nucleophile,C236,yes
Q5W0Z9,Q5W0Z9_C156,Q5W0Z9_C156_C156,S-palmitoyl cysteine intermediate,C156,yes
Q63HN8,Q63HN8_C4516,Q63HN8_C4516_C4516,Nucleophil,C4516,yes
Q63HR2,Q63HR2_C231,Q63HR2_C231_C231,Phosphocysteine intermediate,C231,yes
Q63ZY6,Q63ZY6_C175,Q63ZY6_C175_C175,Nucleophile,C175,yes
Q68J44,Q68J44_C147,Q68J44_C147_C147,Phosphocysteine intermediate,C147,yes
Q6B8I1,Q6B8I1_C129,Q6B8I1_C129_C129,Phosphocysteine intermediate,C129,yes
Q6GQQ9,Q6GQQ9_C194,Q6GQQ9_C194_C194,Proton acceptor,C194,yes
Q6IA69,Q6IA69_C175,Q6IA69_C175_C175,Nucleophil,C175,yes
Q6ICB0,Q6ICB0_C108,Q6ICB0_C108_C108,Proton acceptor,C108,yes
Q6QN14,Q6QN14_C89,Q6QN14_C89_C89,Proton acceptor,C89,yes
Q6R6M4,Q6R6M4_C89,Q6R6M4_C89_C89,Nucleophile,C89,yes
Q6UWY0,Q6UWY0_C80,Q6UWY0_C80_C80,Nucleophile,C80,yes
Q6UX98,Q6UX98_C124,Q6UX98_C124_C124,S-palmitoyl cysteine intermediate,C124,yes
Q6UXS9,Q6UXS9_C220,Q6UXS9_C220_C220,Charge relay system,C220,yes
Q6XPS3,Q6XPS3_C320,Q6XPS3_C320_C320,Phosphocysteine intermediate,C320,yes
Q6ZMZ0,Q6ZMZ0_C302,Q6ZMZ0_C302_C302,,C302,yes
Q6ZRP7,Q6ZRP7_C91,Q6ZRP7_C91_C91,Nucleophile,C91,yes
Q6ZRP7,Q6ZRP7_C94,Q6ZRP7_C94_C94,,C94,yes
Q70CQ1,Q70CQ1_C262,Q70CQ1_C262_C262,Proton acceptor,C262,yes
Q70CQ2,Q70CQ2_C1903,Q70CQ2_C1903_C1903,Nucleophile,C1903,yes
Q70CQ3,Q70CQ3_C77,Q70CQ3_C77_C77,Nucleophile,C77,yes
Q70CQ4,Q70CQ4_C137,Q70CQ4_C137_C137,Nucleophile,C137,yes
Q70EK9,Q70EK9_C372,Q70EK9_C372_C372,Nucleophile,C372,yes
Q70EL2,Q70EL2_C199,Q70EL2_C199_C199,Nucleophile,C199,yes
Q70EL3,Q70EL3_C53,Q70EL3_C53_C53,Nucleophile,C53,yes
Q70EL4,Q70EL4_C110,Q70EL4_C110_C110,Nucleophile,C110,yes
Q712K3,Q712K3_C93,Q712K3_C93_C93,Glycyl thioester intermediate,C93,yes
Q76I76,Q76I76_C392,Q76I76_C392_C392,Phosphocysteine intermediate,C392,yes
Q76N89,Q76N89_C1574,Q76N89_C1574_C1574,Glycyl thioester intermediate,C1574,yes
Q7L8A9,Q7L8A9_C169,Q7L8A9_C169_C169,,C169,yes
Q7L8S5,Q7L8S5_C152,Q7L8S5_C152_C152,,C152,yes
Q7Z419,Q7Z419_C206,Q7Z419_C206_C206,,C206,yes
Q7Z6Z7,Q7Z6Z7_C4341,Q7Z6Z7_C4341_C4341,Glycyl thioester intermediate,C4341,yes
Q7Z7E8,Q7Z7E8_C351,Q7Z7E8_C351_C351,Glycyl thioester intermediate,C351,yes
Q86T03,Q86T03_C133,Q86T03_C133_C133,,C133,yes
Q86T82,Q86T82_C350,Q86T82_C350_C350,Nucleophile,C350,yes
Q86TL0,Q86TL0_C144,Q86TL0_C144_C144,Nucleophile,C144,yes
Q86UV5,Q86UV5_C98,Q86UV5_C98_C98,Nucleophile,C98,yes
Q86V25,Q86V25_C158,Q86V25_C158_C158,,C158,yes
Q8IUH4,Q8IUH4_C456,Q8IUH4_C456_C456,S-palmitoyl cysteine intermediate,C456,yes
Q8IUH5,Q8IUH5_C467,Q8IUH5_C467_C467,S-palmitoyl cysteine intermediate,C467,yes
Q8IVQ6,Q8IVQ6_C120,Q8IVQ6_C120_C120,S-palmitoyl cysteine intermediate,C120,yes
Q8IVU3,Q8IVU3_C985,Q8IVU3_C985_C985,Glycyl thioester intermediate,C985,yes
Q8IWT3,Q8IWT3_C2249,Q8IWT3_C2249_C2249,,C2249,yes
Q8IWU5,Q8IWU5_C88,Q8IWU5_C88_C88,Nucleophile,C88,yes
Q8IWU6,Q8IWU6_C87,Q8IWU6_C87_C87,Nucleophile,C87,yes
Q8IXL7,Q8IXL7_C158,Q8IXL7_C158_C158,Nucleophile,C158,yes
Q8IYP9,Q8IYP9_C289,Q8IYP9_C289_C289,S-palmitoyl cysteine intermediate,C289,yes
Q8IYU2,Q8IYU2_C876,Q8IYU2_C876_C876,Glycyl thioester intermediate,C876,yes
Q8IZ69,Q8IZ69_C538,Q8IZ69_C538_C538,Nucleophile,C538,yes
Q8IZN3,Q8IZN3_C195,Q8IZN3_C195_C195,S-palmitoyl cysteine intermediate,C195,yes
Q8N2K1,Q8N2K1_C94,Q8N2K1_C94_C94,Glycyl thioester intermediate,C94,yes
Q8N4L2,Q8N4L2_C107,Q8N4L2_C107_C107,,C107,yes
Q8N5J2,Q8N5J2_C137,Q8N5J2_C137_C137,Nucleophile,C137,yes
Q8N6M0,Q8N6M0_C158,Q8N6M0_C158_C158,,C158,yes
Q8N966,Q8N966_C111,Q8N966_C111_C111,S-palmitoyl cysteine intermediate,C111,yes
Q8NB14,Q8NB14_C454,Q8NB14_C454_C454,Nucleophile,C454,yes
Q8NBR6,Q8NBR6_C266,Q8NBR6_C266_C266,Nucleophile,C266,yes
Q8NCE2,Q8NCE2_C330,Q8NCE2_C330_C330,Charge relay system,C330,yes
Q8NEJ0,Q8NEJ0_C104,Q8NEJ0_C104_C104,Phosphocysteine intermediate,C104,yes
Q8NFA0,Q8NFA0_C743,Q8NFA0_C743_C743,Nucleophile,C743,yes
Q8NFU3,Q8NFU3_C79,Q8NFU3_C79_C79,Cysteine persulfide intermediate,C79,yes
Q8TAC2,Q8TAC2_C24,Q8TAC2_C24_C24,Proton acceptor,C24,yes
Q8TB92,Q8TB92_C311,Q8TB92_C311_C311,,C311,yes
Q8TBC4,Q8TBC4_C237,Q8TBC4_C237_C237,Glycyl thioester intermediate,C237,yes
Q8TC41,Q8TC41_C436,Q8TC41_C436_C436,,C436,yes
Q8TE49,Q8TE49_C210,Q8TE49_C210_C210,Proton acceptor,C210,yes
Q8TE77,Q8TE77_C413,Q8TE77_C413_C413,Phosphocysteine intermediate,C413,yes
Q8TEA1,Q8TEA1_C373,Q8TEA1_C373_C373,Nucleophile,C373,yes
Q8TED1,Q8TED1_C79,Q8TED1_C79_C79,,C79,yes
Q8TEY7,Q8TEY7_C194,Q8TEY7_C194_C194,Nucleophile,C194,yes
Q8WTR2,Q8WTR2_C150,Q8WTR2_C150_C150,Phosphocysteine intermediate,C150,yes
Q8WTX9,Q8WTX9_C164,Q8WTX9_C164_C164,S-palmitoyl cysteine intermediate,C164,yes
Q8WUK0,Q8WUK0_C132,Q8WUK0_C132_C132,Phosphocysteine intermediate,C132,yes
Q8WVN8,Q8WVN8_C304,Q8WVN8_C304_C304,Glycyl thioester intermediate,C304,yes
Q8WVZ1,Q8WVZ1_C142,Q8WVZ1_C142_C142,S-palmitoyl cysteine intermediate,C142,yes
Q8WWX9,Q8WWX9_C45,Q8WWX9_C45_C45,Nucleophile,C45,yes
Q8WYL5,Q8WYL5_C393,Q8WYL5_C393_C393,Phosphocysteine intermediate,C393,yes
Q8WYN0,Q8WYN0_C77,Q8WYN0_C77_C77,Nucleophile,C77,yes
Q92560,Q92560_C91,Q92560_C91_C91,Nucleophile,C91,yes
Q92643,Q92643_C206,Q92643_C206_C206,Phosphocysteine intermediate,C206,yes
Q92729,Q92729_C1085,Q92729_C1085_C1085,Phosphocysteine intermediate,C1085,yes
Q92729,Q92729_C1380,Q92729_C1380_C1380,,C1380,yes
Q92820,Q92820_C134,Q92820_C134_C134,Nucleophile,C134,yes
Q92851,Q92851_C401,Q92851_C401_C401,Nucleophile,C401,yes
Q92932,Q92932_C945,Q92932_C945_C945,Phosphocysteine intermediate,C945,yes
Q92995,Q92995_C345,Q92995_C345_C345,Nucleophile,C345,yes
Q93008,Q93008_C1566,Q93008_C1566_C1566,Nucleophile,C1566,yes
Q93009,Q93009_C223,Q93009_C223_C223,Nucleophile,C223,yes
Q93096,Q93096_C104,Q93096_C104_C104,Phosphocysteine intermediate,C104,yes
Q969M7,Q969M7_C116,Q969M7_C116_C116,Glycyl thioester intermediate,C116,yes
Q969T4,Q969T4_C145,Q969T4_C145_C145,Glycyl thioester intermediate,C145,yes
Q969W1,Q969W1_C185,Q969W1_C185_C185,S-palmitoyl cysteine intermediate,C185,yes
Q96AP4,Q96AP4_C360,Q96AP4_C360_C360,Nucleophile,C360,yes
Q96B02,Q96B02_C91,Q96B02_C91_C91,Glycyl thioester intermediate,C91,yes
Q96BN8,Q96BN8_C129,Q96BN8_C129_C129,,C129,yes
Q96CB9,Q96CB9_C310,Q96CB9_C310_C310,Nucleophile,C310,yes
Q96CD2,Q96CD2_C173,Q96CD2_C173_C173,Proton donor,C173,yes
Q96DC9,Q96DC9_C51,Q96DC9_C51_C51,,C51,yes
Q96DG6,Q96DG6_C132,Q96DG6_C132_C132,Nucleophile,C132,yes
Q96DT6,Q96DT6_C111,Q96DT6_C111_C111,Proton acceptor,C111,yes
Q96EF0,Q96EF0_C338,Q96EF0_C338_C338,,C338,yes
Q96EG1,Q96EG1_C84,Q96EG1_C84_C84,Proton acceptor,C84,yes
Q96EM0,Q96EM0_C104,Q96EM0_C104_C104,,C104,yes
Q96EN8,Q96EN8_C424,Q96EN8_C424_C424,,C424,yes
Q96EP0,Q96EP0_C885,Q96EP0_C885_C885,Proton donor,C885,yes
Q96FW1,Q96FW1_C91,Q96FW1_C91_C91,,C91,yes
Q96FZ2,Q96FZ2_C2,Q96FZ2_C2_C2,,C2,yes
Q96G46,Q96G46_C396,Q96G46_C396_C396,Proton donor,C396,yes
Q96G74,Q96G74_C224,Q96G74_C224_C224,,C224,yes
Q96GJ1,Q96GJ1_C451,Q96GJ1_C451_C451,Nucleophile,C451,yes
Q96GR4,Q96GR4_C127,Q96GR4_C127_C127,S-palmitoyl cysteine intermediate,C127,yes
Q96HA8,Q96HA8_C28,Q96HA8_C28_C28,,C28,yes
Q96HI0,Q96HI0_C713,Q96HI0_C713_C713,Charge relay system,C713,yes
Q96I15,Q96I15_C388,Q96I15_C388_C388,Charge relay system,C388,yes
Q96IV0,Q96IV0_C309,Q96IV0_C309_C309,Proton donoracceptor,C309,yes
Q96J02,Q96J02_C871,Q96J02_C871_C871,Proton acceptor,C871,yes
Q96JH7,Q96JH7_C219,Q96JH7_C219_C219,Nucleophile,C219,yes
Q96JJ7,Q96JJ7_C53,Q96JJ7_C53_C53,Nucleophile,C53,yes
Q96JJ7,Q96JJ7_C56,Q96JJ7_C56_C56,Proton acceptor,C56,yes
Q96K76,Q96K76_C197,Q96K76_C197_C197,,C197,yes
Q96KN8,Q96KN8_C233,Q96KN8_C233_C233,Proton acceptor,C233,yes
Q96LD8,Q96LD8_C163,Q96LD8_C163_C163,,C163,yes
Q96LR5,Q96LR5_C139,Q96LR5_C139_C139,Glycyl thioester intermediate,C139,yes
Q96MV8,Q96MV8_C159,Q96MV8_C159_C159,S-palmitoyl cysteine intermediate,C159,yes
Q96P11,Q96P11_C359,Q96P11_C359_C359,Nucleophile,C359,yes
Q96PE3,Q96PE3_C895,Q96PE3_C895_C895,,C895,yes
Q96PF1,Q96PF1_C279,Q96PF1_C279_C279,,C279,yes
Q96PU5,Q96PU5_C942,Q96PU5_C942_C942,Glycyl thioester intermediate,C942,yes
Q96RU2,Q96RU2_C171,Q96RU2_C171_C171,Nucleophile,C171,yes
Q96SL4,Q96SL4_C57,Q96SL4_C57_C57,,C57,yes
Q99497,Q99497_C106,Q99497_C106_C106,Nucleophile,C106,yes
Q99538,Q99538_C189,Q99538_C189_C189,,C189,yes
Q99757,Q99757_C90,Q99757_C90_C90,Nucleophile,C90,yes
Q99757,Q99757_C93,Q99757_C93_C93,Nucleophile,C93,yes
Q99952,Q99952_C229,Q99952_C229_C229,Phosphocysteine intermediate,C229,yes
Q99956,Q99956_C290,Q99956_C290_C290,Phosphocysteine intermediate,C290,yes
Q9BQF6,Q9BQF6_C992,Q9BQF6_C992_C992,Proton acceptor,C992,yes
Q9BRA2,Q9BRA2_C43,Q9BRA2_C43_C43,,C43,yes
Q9BRA2,Q9BRA2_C46,Q9BRA2_C46_C46,,C46,yes
Q9BRX8,Q9BRX8_C85,Q9BRX8_C85_C85,Redox-active,C85,yes
Q9BRX8,Q9BRX8_C88,Q9BRX8_C88_C88,Redox-active,C88,yes
Q9BSY9,Q9BSY9_C108,Q9BSY9_C108_C108,Proton donor,C108,yes
Q9BV47,Q9BV47_C152,Q9BV47_C152_C152,Phosphocysteine intermediate,C152,yes
Q9BVJ7,Q9BVJ7_C95,Q9BVJ7_C95_C95,Phosphocysteine intermediate,C95,yes
Q9BWD1,Q9BWD1_C92,Q9BWD1_C92_C92,Acyl-thioester intermediate,C92,yes
Q9BWD1,Q9BWD1_C383,Q9BWD1_C383_C383,Proton donoracceptor,C383,yes
Q9BXU7,Q9BXU7_C304,Q9BXU7_C304_C304,Proton acceptor,C304,yes
Q9BY84,Q9BY84_C244,Q9BY84_C244_C244,Phosphocysteine intermediate,C244,yes
Q9BYM8,Q9BYM8_C460,Q9BYM8_C460_C460,,C460,yes
Q9C0B5,Q9C0B5_C134,Q9C0B5_C134_C134,,C134,yes
Q9C0C9,Q9C0C9_C1040,Q9C0C9_C1040_C1040,Glycyl thioester intermediate,C1040,yes
Q9GZR1,Q9GZR1_C1030,Q9GZR1_C1030_C1030,Proton acceptor,C1030,yes
Q9GZZ9,Q9GZZ9_C250,Q9GZZ9_C250_C250,,C250,yes
Q9H0E7,Q9H0E7_C282,Q9H0E7_C282_C282,Nucleophile,C282,yes
Q9H0M0,Q9H0M0_C890,Q9H0M0_C890_C890,Glycyl thioester intermediate,C890,yes
Q9H0Y0,Q9H0Y0_C166,Q9H0Y0_C166_C166,Glycyl thioester intermediate,C166,yes
Q9H1K1,Q9H1K1_C69,Q9H1K1_C69_C69,Cysteine persulfide intermediate,C69,yes
Q9H1K1,Q9H1K1_C138,Q9H1K1_C138_C138,Cysteine persulfide intermediate,C138,yes
Q9H1R2,Q9H1R2_C85,Q9H1R2_C85_C85,Phosphocysteine intermediate,C85,yes
Q9H2A2,Q9H2A2_C287,Q9H2A2_C287_C287,Nucleophile,C287,yes
Q9H3N1,Q9H3N1_C56,Q9H3N1_C56_C56,Nucleophile,C56,yes
Q9H3N1,Q9H3N1_C59,Q9H3N1_C59_C59,Nucleophile,C59,yes
Q9H3S7,Q9H3S7_C1392,Q9H3S7_C1392_C1392,Phosphocysteine intermediate,C1392,yes
Q9H4L4,Q9H4L4_C532,Q9H4L4_C532_C532,Nucleophile,C532,yes
Q9H4Y5,Q9H4Y5_C32,Q9H4Y5_C32_C32,,C32,yes
Q9H596,Q9H596_C106,Q9H596_C106_C106,Phosphocysteine intermediate,C106,yes
Q9H649,Q9H649_C265,Q9H649_C265_C265,Nucleophile,C265,yes
Q9H6R6,Q9H6R6_C129,Q9H6R6_C129_C129,S-palmitoyl cysteine intermediate,C129,yes
Q9H832,Q9H832_C188,Q9H832_C188_C188,Glycyl thioester intermediate,C188,yes
Q9H8M7,Q9H8M7_C51,Q9H8M7_C51_C51,Nucleophile,C51,yes
Q9H8X9,Q9H8X9_C155,Q9H8X9_C155_C155,S-palmitoyl cysteine intermediate,C155,yes
Q9H9J4,Q9H9J4_C120,Q9H9J4_C120_C120,Nucleophile,C120,yes
Q9HAU4,Q9HAU4_C716,Q9HAU4_C716_C716,Glycyl thioester intermediate,C716,yes
Q9HC62,Q9HC62_C548,Q9HC62_C548_C548,,C548,yes
Q9HC96,Q9HC96_C73,Q9HC96_C73_C73,Proton acceptor,C73,yes
Q9HCE7,Q9HCE7_C725,Q9HCE7_C725_C725,Proton acceptor,C725,yes
Q9HD43,Q9HD43_C1020,Q9HD43_C1020_C1020,Phosphocysteine intermediate,C1020,yes
Q9HDD0,Q9HDD0_C119,Q9HDD0_C119_C119,,C119,yes
Q9NP73,Q9NP73_C242,Q9NP73_C242_C242,Nucleophil,C242,yes
Q9NPD8,Q9NPD8_C86,Q9NPD8_C86_C86,Glycyl thioester intermediate,C86,yes
Q9NPG8,Q9NPG8_C179,Q9NPG8_C179_C179,S-palmitoyl cysteine intermediate,C179,yes
Q9NQC7,Q9NQC7_C601,Q9NQC7_C601_C601,Nucleophile,C601,yes
Q9NQR4,Q9NQR4_C153,Q9NQR4_C153_C153,Nucleophile,C153,yes
Q9NR09,Q9NR09_C4666,Q9NR09_C4666_C4666,Glycyl thioester intermediate,C4666,yes
Q9NRF8,Q9NRF8_C399,Q9NRF8_C399_C399,For GATase activity,C399,yes
Q9NRW4,Q9NRW4_C88,Q9NRW4_C88_C88,Phosphocysteine intermediate,C88,yes
Q9NT62,Q9NT62_C264,Q9NT62_C264_C264,Glycyl thioester intermediate,C264,yes
Q9NUE0,Q9NUE0_C222,Q9NUE0_C222_C222,S-palmitoyl cysteine intermediate,C222,yes
Q9NUQ7,Q9NUQ7_C302,Q9NUQ7_C302_C302,,C302,yes
Q9NV58,Q9NV58_C316,Q9NV58_C316_C316,,C316,yes
Q9NWF9,Q9NWF9_C688,Q9NWF9_C688_C688,For beta-ketoacyl synthase activity,C688,yes
Q9NWU1,Q9NWU1_C209,Q9NWU1_C209_C209,,C209,yes
Q9NWW9,Q9NWW9_C113,Q9NWW9_C113_C113,,C113,yes
Q9NX74,Q9NX74_C116,Q9NX74_C116_C116,Proton donor,C116,yes
Q9NXF8,Q9NXF8_C160,Q9NXF8_C160_C160,S-palmitoyl cysteine intermediate,C160,yes
Q9NXJ5,Q9NXJ5_C149,Q9NXJ5_C149_C149,Proton acceptor,C149,yes
Q9NYA4,Q9NYA4_C407,Q9NYA4_C407_C407,Phosphocysteine intermediate,C407,yes
Q9NYG2,Q9NYG2_C157,Q9NYG2_C157_C157,S-palmitoyl cysteine intermediate,C157,yes
Q9P0U3,Q9P0U3_C603,Q9P0U3_C603_C603,Proton acceptor,C603,yes
Q9P275,Q9P275_C131,Q9P275_C131_C131,Nucleophile,C131,yes
Q9P2G1,Q9P2G1_C532,Q9P2G1_C532_C532,,C532,yes
Q9P2H5,Q9P2H5_C450,Q9P2H5_C450_C450,Nucleophile,C450,yes
Q9P2P5,Q9P2P5_C1540,Q9P2P5_C1540_C1540,Glycyl thioester intermediate,C1540,yes
Q9P2T1,Q9P2T1_C186,Q9P2T1_C186_C186,Thioimidate intermediate,C186,yes
Q9UBC3,Q9UBC3_C651,Q9UBC3_C651_C651,,C651,yes
Q9UBR1,Q9UBR1_C233,Q9UBR1_C233_C233,Nucleophile,C233,yes
Q9UBR2,Q9UBR2_C92,Q9UBR2_C92_C92,,C92,yes
Q9UBS8,Q9UBS8_C417,Q9UBS8_C417_C417,Glycyl thioester intermediate,C417,yes
Q9UBT2,Q9UBT2_C173,Q9UBT2_C173_C173,,C173,yes
Q9UBX1,Q9UBX1_C295,Q9UBX1_C295_C295,,C295,yes
Q9UDY8,Q9UDY8_C464,Q9UDY8_C464_C464,,C464,yes
Q9UGI0,Q9UGI0_C443,Q9UGI0_C443_C443,Nucleophile,C443,yes
Q9UHP3,Q9UHP3_C178,Q9UHP3_C178_C178,,C178,yes
Q9UII4,Q9UII4_C994,Q9UII4_C994_C994,Glycyl thioester intermediate,C994,yes
Q9UII6,Q9UII6_C138,Q9UII6_C138_C138,Phosphocysteine intermediate,C138,yes
Q9UIJ5,Q9UIJ5_C157,Q9UIJ5_C157_C157,S-palmitoyl cysteine intermediate,C157,yes
Q9UJ68,Q9UJ68_C74,Q9UJ68_C74_C74,Cysteine sulfenic acid (-SOH) intermediate,C74,yes
Q9UK80,Q9UK80_C221,Q9UK80_C221_C221,Nucleophile,C221,yes
Q9UL19,Q9UL19_C113,Q9UL19_C113_C113,Charge relay system,C113,yes
Q9ULC6,Q9ULC6_C645,Q9ULC6_C645_C645,Nucleophile,C645,yes
Q9ULC8,Q9ULC8_C134,Q9ULC8_C134_C134,S-palmitoyl cysteine intermediate,C134,yes
Q9ULT8,Q9ULT8_C2579,Q9ULT8_C2579_C2579,Glycyl thioester intermediate,C2579,yes
Q9UM07,Q9UM07_C645,Q9UM07_C645_C645,,C645,yes
Q9UMQ6,Q9UMQ6_C139,Q9UMQ6_C139_C139,,C139,yes
Q9UMW8,Q9UMW8_C64,Q9UMW8_C64_C64,,C64,yes
Q9UMZ3,Q9UMZ3_C2233,Q9UMZ3_C2233_C2233,,C2233,yes
Q9UNH5,Q9UNH5_C278,Q9UNH5_C278_C278,Charge relay system,C278,yes
Q9UNI6,Q9UNI6_C115,Q9UNI6_C115_C115,Phosphocysteine intermediate,C115,yes
Q9UPT9,Q9UPT9_C185,Q9UPT9_C185_C185,Nucleophile,C185,yes
Q9UPU5,Q9UPU5_C1698,Q9UPU5_C1698_C1698,Nucleophile,C1698,yes
Q9Y216,Q9Y216_C338,Q9Y216_C338_C338,Phosphocysteine intermediate,C338,yes
Q9Y217,Q9Y217_C336,Q9Y217_C336_C336,Phosphocysteine intermediate,C336,yes
Q9Y2J8,Q9Y2J8_C647,Q9Y2J8_C647_C647,Nucleophile,C647,yes
Q9Y2K6,Q9Y2K6_C154,Q9Y2K6_C154_C154,Nucleophile,C154,yes
Q9Y2R2,Q9Y2R2_C227,Q9Y2R2_C227_C227,Phosphocysteine intermediate,C227,yes
Q9Y2X8,Q9Y2X8_C85,Q9Y2X8_C85_C85,Glycyl thioester intermediate,C85,yes
Q9Y385,Q9Y385_C91,Q9Y385_C91_C91,Glycyl thioester intermediate,C91,yes
Q9Y397,Q9Y397_C169,Q9Y397_C169_C169,S-palmitoyl cysteine intermediate,C169,yes
Q9Y3C8,Q9Y3C8_C116,Q9Y3C8_C116_C116,Glycyl thioester intermediate,C116,yes
Q9Y3D2,Q9Y3D2_C169,Q9Y3D2_C169_C169,Nucleophile,C169,yes
Q9Y4D8,Q9Y4D8_C3964,Q9Y4D8_C3964_C3964,Glycyl thioester intermediate,C3964,yes
Q9Y4E8,Q9Y4E8_C298,Q9Y4E8_C298_C298,Nucleophile,C298,yes
Q9Y4P1,Q9Y4P1_C74,Q9Y4P1_C74_C74,Nucleophile,C74,yes
Q9Y4X5,Q9Y4X5_C357,Q9Y4X5_C357_C357,Nucleophile,C357,yes
Q9Y5K5,Q9Y5K5_C88,Q9Y5K5_C88_C88,Nucleophile,C88,yes
Q9Y5T5,Q9Y5T5_C205,Q9Y5T5_C205_C205,Nucleophile,C205,yes
Q9Y697,Q9Y697_C381,Q9Y697_C381_C381,Cysteine persulfide intermediate,C381,yes
Q9Y6I4,Q9Y6I4_C168,Q9Y6I4_C168_C168,Nucleophile,C168,yes
Q9Y6K1,Q9Y6K1_C710,Q9Y6K1_C710_C710,,C710,yes
Q9Y6N5,Q9Y6N5_C201,Q9Y6N5_C201_C201,Cysteine persulfide intermediate,C201,yes
Q9Y6N5,Q9Y6N5_C379,Q9Y6N5_C379_C379,Cysteine persulfide intermediate,C379,yes
Q9Y6P5,Q9Y6P5_C130,Q9Y6P5_C130_C130,Cysteine sulfenic acid (-SOH) intermediate,C130,yes
Q9Y6W3,Q9Y6W3_C290,Q9Y6W3_C290_C290,,C290,yes
Q9Y6W6,Q9Y6W6_C408,Q9Y6W6_C408_C408,AMP-threonine intermediate,C408,yes
A2A3K4,A2A3K4_C190,A2A3K4_C190_C190,Phosphocysteine intermediate,C190,yes
A6NCW0,A6NCW0_C89,A6NCW0_C89_C89,,C89,yes
A6NHC0,A6NHC0_C105,A6NHC0_C105_C105,Proton acceptor,C105,yes
A8MUK1,A8MUK1_C89,A8MUK1_C89_C89,Nucleophile,C89,yes
O75715,O75715_C73,O75715_C73_C73,,C73,yes
O95620,O95620_C116,O95620_C116_C116,Proton donor,C116,yes
P0C7U3,P0C7U3_C155,P0C7U3_C155_C155,S-palmitoyl cysteine intermediate,C155,yes
P51689,P51689_C89,P51689_C89_C89,Nucleophile,C89,yes
P54793,P54793_C78,P54793_C78_C78,Nucleophile,C78,yes
Q15034,Q15034_C1018,Q15034_C1018_C1018,Glycyl thioester intermediate,C1018,yes
Q4G0A6,Q4G0A6_C456,Q4G0A6_C456_C456,Nucleophile,C456,yes
Q5FYB0,Q5FYB0_C122,Q5FYB0_C122_C122,Nucleophile,C122,yes
Q5U5R9,Q5U5R9_C744,Q5U5R9_C744_C744,Glycyl thioester intermediate,C744,yes
Q5VV17,Q5VV17_C320,Q5VV17_C320_C320,,C320,yes
Q6P1R4,Q6P1R4_C108,Q6P1R4_C108_C108,Proton donor,C108,yes
Q7RTZ2,Q7RTZ2_C89,Q7RTZ2_C89_C89,Nucleophile,C89,yes
Q7Z3V4,Q7Z3V4_C1036,Q7Z3V4_C1036_C1036,Glycyl thioester intermediate,C1036,yes
Q86X76,Q86X76_C203,Q86X76_C203_C203,Nucleophile,C203,yes
Q8NBH2,Q8NBH2_C225,Q8NBH2_C225_C225,,C225,yes
Q96FV2,Q96FV2_C12,Q96FV2_C12_C12,,C12,yes
Q96MT1,Q96MT1_C537,Q96MT1_C537_C537,Charge relay system,C537,yes
Q9H3M9,Q9H3M9_C14,Q9H3M9_C14_C14,,C14,yes
Q9HBJ7,Q9HBJ7_C294,Q9HBJ7_C294_C294,Proton acceptor,C294,yes
Q9NVE5,Q9NVE5_C50,Q9NVE5_C50_C50,Nucleophile,C50,yes
A0A1B0GUS4,A0A1B0GUS4_C86,A0A1B0GUS4_C86_C86,Glycyl thioester intermediate,C86,yes
A8MX76,A8MX76_C101,A8MX76_C101_C101,,C101,yes
C9J2P7,C9J2P7_C89,C9J2P7_C89_C89,,C89,yes
C9JJH3,C9JJH3_C89,C9JJH3_C89_C89,Proton acceptor,C89,yes
C9JLJ4,C9JLJ4_C89,C9JLJ4_C89_C89,Nucleophile,C89,yes
C9JPN9,C9JPN9_C89,C9JPN9_C89_C89,Nucleophile,C89,yes
C9JVI0,C9JVI0_C89,C9JVI0_C89_C89,Nucleophile,C89,yes
D6R901,D6R901_C89,D6R901_C89_C89,Nucleophile,C89,yes
D6R9N7,D6R9N7_C89,D6R9N7_C89_C89,Nucleophile,C89,yes
D6RA61,D6RA61_C89,D6RA61_C89_C89,Nucleophile,C89,yes
D6RBQ6,D6RBQ6_C89,D6RBQ6_C89_C89,Nucleophile,C89,yes
D6RCP7,D6RCP7_C89,D6RCP7_C89_C89,Nucleophile,C89,yes
D6RJB6,D6RJB6_C89,D6RJB6_C89_C89,Nucleophile,C89,yes
Q0VDG4,Q0VDG4_C6,Q0VDG4_C6_C6,,C6,yes
Q3KNT7,Q3KNT7_C93,Q3KNT7_C93_C93,Nucleophile,C93,yes
Q5FYA8,Q5FYA8_C55,Q5FYA8_C55_C55,Nucleophile,C55,yes
Q6MZZ7,Q6MZZ7_C93,Q6MZZ7_C93_C93,Proton donor,C93,yes
Q6ZSI9,Q6ZSI9_C105,Q6ZSI9_C105_C105,Charge relay system,C105,yes
Q8NE18,Q8NE18_C439,Q8NE18_C439_C439,Nucleophile,C439,yes
Q9H1E5,Q9H1E5_C64,Q9H1E5_C64_C64,Nucleophile,C64,yes
Q9H1E5,Q9H1E5_C67,Q9H1E5_C67_C67,Nucleophile,C67,yes
Q9NWL6,Q9NWL6_C2,Q9NWL6_C2_C2,For GATase activity,C2,yes
A6NFU8,A6NFU8_C127,A6NFU8_C127_C127,Proton acceptor,C127,yes
